StartDate,EndDate,Status,IPAddress,Progress,Duration (in seconds),Finished,RecordedDate,ResponseId,RecipientLastName,RecipientFirstName,RecipientEmail,ExternalReference,LocationLatitude,LocationLongitude,DistributionChannel,UserLanguage,googleVisit,clickHeadline,clickImages,readHeadline,seeImages,annoyImages,speakerClick,PROLIFIC_PID,STUDY_ID,SESSION_ID,condition
Start Date,End Date,Response Type,IP Address,Progress,Duration (in seconds),Finished,Recorded Date,Response ID,Recipient Last Name,Recipient First Name,Recipient Email,External Data Reference,Location Latitude,Location Longitude,Distribution Channel,User Language,How likely are you to visit this news website if it looked as you see above?,How likely are you to click on the news headlines when presented this way?,How likely are you to click on the news images next to the headlines when presented this way?,How likely are you to read the news headlines when presented this way?,How likely are you to focus on the news images next to the headlines when presented this way?,How likely are you to be annoyed by the news images next to the headlines when presented this way?,Suppose there was a speaker icon on the top right corner of the images to listen to the news headline. How likely are you to click on the speaker icon to listen to any news headline?,PROLIFIC_PID,STUDY_ID,SESSION_ID,condition
"{""ImportId"":""startDate"",""timeZone"":""America/Denver""}","{""ImportId"":""endDate"",""timeZone"":""America/Denver""}","{""ImportId"":""status""}","{""ImportId"":""ipAddress""}","{""ImportId"":""progress""}","{""ImportId"":""duration""}","{""ImportId"":""finished""}","{""ImportId"":""recordedDate"",""timeZone"":""America/Denver""}","{""ImportId"":""_recordId""}","{""ImportId"":""recipientLastName""}","{""ImportId"":""recipientFirstName""}","{""ImportId"":""recipientEmail""}","{""ImportId"":""externalDataReference""}","{""ImportId"":""locationLatitude""}","{""ImportId"":""locationLongitude""}","{""ImportId"":""distributionChannel""}","{""ImportId"":""userLanguage""}","{""ImportId"":""QID1""}","{""ImportId"":""QID2""}","{""ImportId"":""QID3""}","{""ImportId"":""QID4""}","{""ImportId"":""QID5""}","{""ImportId"":""QID6""}","{""ImportId"":""QID9""}","{""ImportId"":""PROLIFIC_PID""}","{""ImportId"":""STUDY_ID""}","{""ImportId"":""SESSION_ID""}","{""ImportId"":""condition""}"
2023-06-17 15:51,2023-06-17 15:52,0,107.119.69.15,100,36,1,2023-06-17 15:52,R_WeYaTG7982nT2Df,,,,,38.1842,-85.8375,anonymous,EN,3,3,3,2,4,2,1,6102cdec6688398fa371f5ae,648e214a2eadc3b99a88ec16,648e2aefbe23b364def58f67,dynamicGoogle
2023-06-17 16:28,2023-06-17 16:28,0,172.56.225.167,100,25,1,2023-06-17 16:29,R_3oTTbJzWHbXkjwP,,,,,33.4849,-86.8596,anonymous,EN,4,4,4,4,6,3,4,6119dc5f98cee458f5753747,648e214a2eadc3b99a88ec16,648e338b0c2d5ed668fa30aa,staticAnon
2023-06-17 16:31,2023-06-17 16:32,0,68.169.141.61,100,55,1,2023-06-17 16:32,R_AdjsJtHl8kWcAI9,,,,,35.1587,-85.2163,anonymous,EN,2,2,2,2,4,3,1,610071e2de637700bf0cd8fc,648e214a2eadc3b99a88ec16,648e343a9565b5b521c50ebc,staticGoogle
2023-06-17 16:42,2023-06-17 16:43,0,173.22.34.148,100,72,1,2023-06-17 16:43,R_2BfwPIgQyo48Ukk,,,,,41.3497,-88.8415,anonymous,EN,4,4,4,4,4,3,4,63e52dbdcdee07bcdb0e7da4,648e214a2eadc3b99a88ec16,648e36c410c802579e74594c,dynamicGoogle
2023-06-17 16:52,2023-06-17 16:52,0,72.169.80.61,100,47,1,2023-06-17 16:52,R_1IfUWzWfodkaxYl,,,,,43.0382,-87.91,anonymous,EN,2,2,2,1,3,5,1,60fcda3133c61e860a94fc9a,648e214a2eadc3b99a88ec16,648e390b420b8b542901f21b,dynamicAnon
2023-06-17 16:57,2023-06-17 16:57,0,98.60.215.150,100,53,1,2023-06-17 16:57,R_3efOpcO8SCiT1GF,,,,,35.6975,-105.9821,anonymous,EN,4,4,3,4,4,5,3,630cd2673e85b493c38fe663,648e214a2eadc3b99a88ec16,648e3a38445917c9351bb02a,staticGoogle
2023-06-17 17:11,2023-06-17 17:11,0,195.252.220.225,100,28,1,2023-06-17 17:11,R_1i34gbdCsavLSLs,,,,,40.4444,-86.9256,anonymous,EN,4,4,4,4,4,3,4,6111811553d54da81ce61f21,648e214a2eadc3b99a88ec16,648e3d7d593e3b91ebdefa08,dynamicGoogle
2023-06-17 17:18,2023-06-17 17:19,0,172.59.145.201,100,36,1,2023-06-17 17:19,R_w6hWRedfzNcakDL,,,,,37.6755,-121.0068,anonymous,EN,4,3,3,4,3,3,5,6448799d7875fba3b9db5e55,648e214a2eadc3b99a88ec16,648e3f404bc99f71e276e721,staticGoogle
2023-06-17 17:26,2023-06-17 17:27,0,98.228.99.34,100,19,1,2023-06-17 17:27,R_2Ysnb2rYUUaEfE8,,,,,42.0648,-87.9356,anonymous,EN,4,4,3,4,4,3,1,60c939f66b866cfeb73eec68,648e214a2eadc3b99a88ec16,648e413bf09cee2105926798,staticAnon
2023-06-17 17:29,2023-06-17 17:30,0,68.38.82.246,100,39,1,2023-06-17 17:30,R_1GQtoJ0jayI1xqc,,,,,39.2051,-85.9324,anonymous,EN,3,3,3,3,3,3,3,60ff0f3f9dd6346ad1246ecd,648e214a2eadc3b99a88ec16,648e41e46303fd61de735fb3,dynamicAnon
2023-06-17 17:33,2023-06-17 17:34,0,206.255.228.126,100,45,1,2023-06-17 17:34,R_1BW2BdntfWZmwD0,,,,,34.5037,-93.0552,anonymous,EN,4,3,5,6,6,1,1,6295324220c5c7ea67527fb4,648e214a2eadc3b99a88ec16,648e42c5a439414bac1bb05e,staticAnon
2023-06-17 17:34,2023-06-17 17:36,0,70.127.255.126,100,68,1,2023-06-17 17:36,R_UyzrNgt9UHe3s4N,,,,,27.9482,-82.5036,anonymous,EN,4,4,4,6,3,3,6,631b4e3dc9337c6f76377bf8,648e214a2eadc3b99a88ec16,648e4316c35fc0c640553eb6,staticGoogle
2023-06-17 17:40,2023-06-17 17:40,0,76.134.129.113,100,34,1,2023-06-17 17:40,R_2zDdLGVejwfeZSc,,,,,28.3299,-81.3559,anonymous,EN,3,3,4,4,4,5,2,61079a83c6af47f112977a97,648e214a2eadc3b99a88ec16,648e445cb17dcbec2adef9ff,dynamicGoogle
2023-06-17 17:43,2023-06-17 17:43,0,68.203.195.141,100,35,1,2023-06-17 17:43,R_p3EU2opou9HEPER,,,,,29.4227,-98.4927,anonymous,EN,6,6,6,6,6,3,6,64542858c348ef24892679d6,648e214a2eadc3b99a88ec16,648e4506e6069bcd36fa3080,staticGoogle
2023-06-17 17:44,2023-06-17 17:45,0,174.199.104.225,100,96,1,2023-06-17 17:45,R_cviJbWijP5jK5cB,,,,,45.0546,-93.2566,anonymous,EN,3,1,1,3,4,4,1,6100b8f9a6d8362b642aba6e,648e214a2eadc3b99a88ec16,648e4543e6069bcd36fa3087,dynamicAnon
2023-06-17 17:44,2023-06-17 17:46,0,174.175.7.242,100,68,1,2023-06-17 17:46,R_Amvg6lTF9tMEUbn,,,,,40.0794,-76.3141,anonymous,EN,4,4,4,4,5,2,3,60fd05fdd8f4081c41972a1b,648e214a2eadc3b99a88ec16,648e456bff818fc2f96273ba,dynamicGoogle
2023-06-17 17:52,2023-06-17 17:53,0,68.47.254.32,100,61,1,2023-06-17 17:53,R_2wuhAfrYfE0sl0g,,,,,36.1515,-86.792,anonymous,EN,4,4,3,4,2,3,4,53976390fdf99b73530fe503,648e214a2eadc3b99a88ec16,648e4730486363328f08321e,dynamicAnon
2023-06-17 17:58,2023-06-17 17:59,0,100.36.65.204,100,57,1,2023-06-17 17:59,R_1d6okKoSmaJU10W,,,,,39.1181,-76.8396,anonymous,EN,3,3,3,4,3,2,2,60fbf0bb77ab6328d7f64849,648e214a2eadc3b99a88ec16,648e48b48fd3c8e8c9461cc4,dynamicGoogle
2023-06-17 18:01,2023-06-17 18:02,0,23.112.234.214,100,52,1,2023-06-17 18:02,R_1mVO5xs8HSdBzUt,,,,,44.482,-88.0185,anonymous,EN,4,4,4,5,4,2,1,61108741d56b5a068a41a2ac,648e214a2eadc3b99a88ec16,648e49619cfbfab04701f249,staticAnon
2023-06-17 18:09,2023-06-17 18:09,0,172.59.17.132,100,46,1,2023-06-17 18:09,R_3pfq8O6JRzW1YEU,,,,,18.3616,-66.1935,anonymous,EN,1,1,1,1,3,3,3,63e6ad367c441aa66e075e56,648e214a2eadc3b99a88ec16,648e4b1dbb8fe1095e74597d,staticGoogle
2023-06-17 18:12,2023-06-17 18:13,0,75.115.58.117,100,29,1,2023-06-17 18:13,R_aUWdDUxZCDJ65DX,,,,,28.2365,-82.3289,anonymous,EN,6,5,6,5,6,1,1,60ff14561039e939a18f144d,648e214a2eadc3b99a88ec16,648e4beebb8fe1095e7459a0,staticAnon
2023-06-17 18:14,2023-06-17 18:16,0,98.48.112.123,100,137,1,2023-06-17 18:16,R_20PAmGE0eF192C1,,,,,35.0781,-106.6583,anonymous,EN,1,3,6,6,6,1,1,61083fcb0b8dfa7f3106d60c,648e214a2eadc3b99a88ec16,648e4c5970928ff73ec44950,staticGoogle
2023-06-17 18:18,2023-06-17 18:18,0,67.3.32.195,100,53,1,2023-06-17 18:18,R_3jTYBelLbkv9goL,,,,,47.4898,-92.4052,anonymous,EN,4,4,4,4,6,3,4,6470a5eff2f118fd3e0385d5,648e214a2eadc3b99a88ec16,648e4d308100059a70d1bc8c,dynamicAnon
2023-06-17 18:30,2023-06-17 18:31,0,35.150.208.150,100,41,1,2023-06-17 18:31,R_2uCfy4fNcDNOuOA,,,,,35.1313,-84.875,anonymous,EN,3,4,2,3,5,5,1,6107f4e813f7d544102f7a31,648e214a2eadc3b99a88ec16,648e502b177ff1c1f5083237,dynamicGoogle
2023-06-17 18:43,2023-06-17 18:43,0,72.174.211.76,100,35,1,2023-06-17 18:43,R_2w0oNFopKJTuKy4,,,,,39.0761,-108.5451,anonymous,EN,4,4,4,4,5,3,1,610045035697c3ee82c7eeef,648e214a2eadc3b99a88ec16,648e5326dfefd5b59ad1bcc6,staticAnon
2023-06-17 18:49,2023-06-17 18:51,0,75.113.72.246,100,110,1,2023-06-17 18:51,R_1nOqBdiSBRIiPgP,,,,,35.3879,-118.9861,anonymous,EN,4,4,4,4,3,3,4,611381855c2a468c008f5477,648e214a2eadc3b99a88ec16,648e548bda9ddf1529defa2e,dynamicGoogle
2023-06-17 18:54,2023-06-17 18:55,0,75.13.141.240,100,78,1,2023-06-17 18:55,R_OClME2wucqx10rL,,,,,38.6287,-90.1988,anonymous,EN,5,4,4,5,5,2,1,6110d96754a5f4c1a44fd020,648e214a2eadc3b99a88ec16,648e55abc0976bb12e537c2e,staticGoogle
2023-06-17 18:57,2023-06-17 18:58,0,72.50.144.191,100,91,1,2023-06-17 18:58,R_yqlSmzSRs8aV78t,,,,,39.652,-79.9444,anonymous,EN,4,4,4,4,3,3,2,60fdddcb212cd62e7f6ea1f9,648e214a2eadc3b99a88ec16,648e5621c3413de81d8b5260,dynamicAnon
2023-06-17 19:02,2023-06-17 19:03,0,98.0.57.229,100,61,1,2023-06-17 19:03,R_1mUD0DTGLuQVOdf,,,,,43.6327,-70.2735,anonymous,EN,5,4,3,6,2,3,1,610920ffd1bcb464b707d4c8,648e214a2eadc3b99a88ec16,648e57846aee070b64fa3091,dynamicGoogle
2023-06-17 19:05,2023-06-17 19:06,0,174.195.82.119,100,42,1,2023-06-17 19:06,R_2UVLifHgpSEIm4q,,,,,37.751,-97.822,anonymous,EN,4,4,4,4,4,2,2,610042bd58bb4f6845302491,648e214a2eadc3b99a88ec16,648e5857d5a1bb511e83f935,staticGoogle
2023-06-17 19:07,2023-06-17 19:08,0,73.212.123.177,100,42,1,2023-06-17 19:08,R_1N2Grdn0PDFqrSY,,,,,39.3516,-76.629,anonymous,EN,3,3,1,3,2,5,1,6244481dbf7c4232bdc59f51,648e214a2eadc3b99a88ec16,648e58debf37a14f72fe5e56,dynamicAnon
2023-06-17 19:12,2023-06-17 19:13,0,76.97.84.241,100,33,1,2023-06-17 19:13,R_1BQSvNdBmoBm5r6,,,,,33.9978,-83.7124,anonymous,EN,4,5,6,5,2,1,1,610021722370e2775864eb81,648e214a2eadc3b99a88ec16,648e5a107d95a3d23ab69239,staticAnon
2023-06-17 19:15,2023-06-17 19:15,0,173.63.57.100,100,54,1,2023-06-17 19:15,R_22K3lpiO4Qp1hCT,,,,,39.53,-74.4902,anonymous,EN,4,4,3,4,3,2,2,58d834cec207720001e2e750,648e214a2eadc3b99a88ec16,648e5a928f0ce691a174596e,staticGoogle
2023-06-17 19:19,2023-06-17 19:20,0,76.183.250.164,100,52,1,2023-06-17 19:20,R_3FKxrVl00Efljx4,,,,,27.552,-99.4959,anonymous,EN,3,4,4,5,5,2,2,61041dfeabd40980ca9fed55,648e214a2eadc3b99a88ec16,648e5ba9e9a314e619ef423d,staticAnon
2023-06-17 19:26,2023-06-17 19:26,0,173.66.205.197,100,31,1,2023-06-17 19:26,R_2AGuhuBy4A3SoTC,,,,,38.9779,-77.0806,anonymous,EN,4,5,4,6,6,3,2,63d13b3934b1255e0954a471,648e214a2eadc3b99a88ec16,648e5d37c9c17fe72cd1bc8d,dynamicGoogle
2023-06-17 19:32,2023-06-17 19:32,0,73.171.47.69,100,34,1,2023-06-17 19:32,R_vo9gtpbJ329qWR3,,,,,37.2532,-80.4347,anonymous,EN,3,3,3,2,2,2,3,610803b9ce5f71efbd6e1722,648e214a2eadc3b99a88ec16,648e5e9cb28fc12d5c79463c,dynamicAnon
2023-06-17 19:33,2023-06-17 19:34,0,69.221.120.97,100,74,1,2023-06-17 19:34,R_2zOPN7S4RELqKbv,,,,,30.1713,-93.2244,anonymous,EN,2,2,2,2,2,4,2,6100638e4064cf309c8702db,648e214a2eadc3b99a88ec16,648e5ed574b5f2e965923b3e,staticAnon
2023-06-17 19:42,2023-06-17 19:42,0,107.2.162.226,100,29,1,2023-06-17 19:42,R_5nX9yrOJOAVoJix,,,,,39.1004,-104.8548,anonymous,EN,5,5,4,5,5,4,2,6478e5fc76f5ecbc4f0ed353,648e214a2eadc3b99a88ec16,648e60f2c7537057cfc893ee,dynamicGoogle
2023-06-17 19:49,2023-06-17 19:50,0,173.56.50.151,100,61,1,2023-06-17 19:50,R_d53xIWhsIgtr369,,,,,40.6002,-74.1469,anonymous,EN,3,3,3,2,2,4,1,60cfbde031636572d788e78d,648e214a2eadc3b99a88ec16,648e6299f1d8b19192106264,dynamicAnon
2023-06-17 19:52,2023-06-17 19:53,0,99.97.17.164,100,31,1,2023-06-17 19:53,R_300N8iJtLQapXDZ,,,,,35.3879,-118.9861,anonymous,EN,3,3,3,3,3,3,3,5d278e6a6f7c660019b56196,648e214a2eadc3b99a88ec16,648e636c16cb608ade7459a0,staticGoogle
2023-06-17 19:55,2023-06-17 19:56,0,100.33.27.117,100,50,1,2023-06-17 19:56,R_2wdIl91MisT7SBt,,,,,41.1144,-74.0429,anonymous,EN,1,3,2,3,2,3,1,612e6569f68929afb886fb5c,648e214a2eadc3b99a88ec16,648e64198b5dc59a2c76e774,staticGoogle
2023-06-17 20:04,2023-06-17 20:05,0,98.219.194.248,100,44,1,2023-06-17 20:05,R_2P74emBxHv2DKgO,,,,,40.6217,-79.9431,anonymous,EN,5,4,4,4,4,3,2,6473ecbe86259330de9ca986,648e214a2eadc3b99a88ec16,648e6641c1bd494484461cce,staticAnon
2023-06-17 20:15,2023-06-17 20:16,0,216.197.78.210,100,46,1,2023-06-17 20:16,R_2awB8rY1cc2zjao,,,,,38.0271,-78.4797,anonymous,EN,4,4,3,5,3,4,1,63c6ee4e04f72503d007d5c0,648e214a2eadc3b99a88ec16,648e68d9c071197a5cb69252,dynamicAnon
2023-06-17 20:18,2023-06-17 20:19,0,67.162.168.76,100,25,1,2023-06-17 20:19,R_3IayXiVgQcTkcEZ,,,,,28.9351,-81.9903,anonymous,EN,4,4,4,4,4,4,4,63d457e6518149adae9202cd,648e214a2eadc3b99a88ec16,648e697bf3ed102735735fbe,dynamicGoogle
2023-06-17 20:28,2023-06-17 20:29,0,107.12.134.227,100,69,1,2023-06-17 20:29,R_0UJlXKBumk6sTFT,,,,,34.777,-77.3769,anonymous,EN,3,3,2,4,5,2,3,5f81faea552a332f2fd08086,648e214a2eadc3b99a88ec16,648e6bb2018ce3f1f01bb009,staticAnon
2023-06-17 20:32,2023-06-17 20:33,0,76.111.235.168,100,80,1,2023-06-17 20:33,R_3eev2sOdw4u9Pex,,,,,26.6543,-80.1256,anonymous,EN,4,3,5,4,4,5,4,5fc9ce5b18ab2352473b125d,648e214a2eadc3b99a88ec16,648e6ca9f1fbd5ecd2794648,staticGoogle
2023-06-17 20:49,2023-06-17 20:53,0,104.55.126.177,100,260,1,2023-06-17 20:53,R_u1E37cmpuNCjNcJ,,,,,34.0651,-81.0281,anonymous,EN,1,5,4,4,6,1,1,62a8c0c093226bb856654f11,648e214a2eadc3b99a88ec16,648e70a58a17dd7f99fe5e36,staticGoogle
2023-06-17 20:57,2023-06-17 20:59,0,174.96.15.84,100,87,1,2023-06-17 20:59,R_10pybgrByM5xlZr,,,,,40.0752,-80.7747,anonymous,EN,2,2,2,1,1,4,1,63ced45255e61c93372b591a,648e214a2eadc3b99a88ec16,648e72a8e6f356e7d4d1bcc7,staticAnon
2023-06-17 21:06,2023-06-17 21:07,0,73.15.204.94,100,57,1,2023-06-17 21:07,R_1JJXnxmq3dUM9lI,,,,,36.7126,-121.6437,anonymous,EN,4,4,5,4,6,3,2,6111461df9d3fef3280230b8,648e214a2eadc3b99a88ec16,648e74ba8cd14452c576e750,dynamicAnon
2023-06-17 21:12,2023-06-17 21:13,0,75.140.199.16,100,98,1,2023-06-17 21:13,R_0js9obJKVnySgqB,,,,,35.332,-78.9212,anonymous,EN,4,4,5,4,4,2,5,63d14eca0fd7e8476aff6652,648e214a2eadc3b99a88ec16,648e7606d90c435e9076e721,dynamicGoogle
2023-06-17 21:21,2023-06-17 21:22,0,172.89.157.140,100,85,1,2023-06-17 21:22,R_RDXJr41TUpQpxK1,,,,,33.9073,-118.0087,anonymous,EN,3,3,3,3,4,3,2,6380fd5ab94c337b041632cd,648e214a2eadc3b99a88ec16,648e781bd90c435e9076e77b,staticAnon
2023-06-17 21:26,2023-06-17 21:26,0,73.16.20.107,100,39,1,2023-06-17 21:26,R_2viR1m940HyqgoX,,,,,42.3388,-71.0726,anonymous,EN,2,2,1,1,2,2,1,60903d8d7b7cd7027d556ebb,648e214a2eadc3b99a88ec16,648e794031e0a9a73c530033,dynamicAnon
2023-06-17 21:27,2023-06-17 21:28,0,97.103.66.157,100,48,1,2023-06-17 21:28,R_11beUwF2bfh85re,,,,,28.5531,-81.7597,anonymous,EN,1,1,1,1,1,5,1,61084dbab48ab21fce452554,648e214a2eadc3b99a88ec16,648e7990444ca6cb1dd1bc70,staticGoogle
2023-06-17 21:54,2023-06-17 21:55,0,24.44.47.228,100,61,1,2023-06-17 21:55,R_3RyD7LOAUJoViyA,,,,,40.6462,-73.9559,anonymous,EN,3,3,3,2,3,5,1,6104d7da411ae5b2e240b9f7,648e214a2eadc3b99a88ec16,648e80093ee7dca46299f752,dynamicGoogle
2023-06-17 22:01,2023-06-17 22:02,0,140.82.214.2,100,82,1,2023-06-17 22:02,R_2wuxvAyZc0bdYPF,,,,,42.2709,-83.7268,anonymous,EN,4,5,3,4,3,4,5,60fb9db54c70dd24172b67c3,648e214a2eadc3b99a88ec16,648e818b93d02d7998553e8b,dynamicAnon
2023-06-17 22:09,2023-06-17 22:11,0,71.75.235.2,100,80,1,2023-06-17 22:11,R_3kdBZqJsRo2zJCA,,,,,35.0221,-80.5318,anonymous,EN,2,2,2,3,5,3,1,6100937ab23e7ce5b8ecabcb,648e214a2eadc3b99a88ec16,648e838aec15af4ad388ebff,staticAnon
2023-06-17 22:25,2023-06-17 22:26,0,172.59.188.185,100,31,1,2023-06-17 22:26,R_1IBeHjq4zZj6yOB,,,,,41.8502,-87.6736,anonymous,EN,3,3,3,3,3,5,2,63d55208f472dc9178329bcb,648e214a2eadc3b99a88ec16,648e873574f3aed0f47459aa,dynamicGoogle
2023-06-17 22:32,2023-06-17 22:33,0,47.41.26.123,100,39,1,2023-06-17 22:33,R_2rl4QWQHJsreRr3,,,,,34.2862,-119.2264,anonymous,EN,4,4,3,4,4,3,3,60ff79105d98c6ebf9efa752,648e214a2eadc3b99a88ec16,648e88d2143e68b4c5b5ed6c,staticGoogle
2023-06-17 22:48,2023-06-17 22:49,0,76.38.203.133,100,34,1,2023-06-17 22:49,R_1feXSRXHKR3D0DD,,,,,42.9074,-78.8197,anonymous,EN,3,3,4,3,2,4,3,60e27cbbae3dab21aaa517cb,648e214a2eadc3b99a88ec16,648e8ca420790f4feb106233,dynamicAnon
2023-06-17 22:57,2023-06-17 22:58,0,136.52.73.61,100,51,1,2023-06-17 22:58,R_3nG9cg43U2DgJAY,,,,,33.7015,-117.7528,anonymous,EN,3,3,3,4,5,3,3,6101868142e5ef78140a68db,648e214a2eadc3b99a88ec16,648e8eca7056a3e9d2ebcdf5,staticGoogle
2023-06-17 23:19,2023-06-17 23:20,0,73.151.209.92,100,63,1,2023-06-17 23:20,R_wQUNwZKuGZN2aTD,,,,,39.1971,-121.178,anonymous,EN,4,4,4,5,4,3,2,63d3ff970edefacf2433ae03,648e214a2eadc3b99a88ec16,648e93abfdda40bcca3a0142,staticAnon
2023-06-17 23:47,2023-06-17 23:48,0,73.213.49.181,100,49,1,2023-06-17 23:48,R_1jV6RHQ1y4QplGe,,,,,39.1723,-77.183,anonymous,EN,1,1,1,1,3,6,4,63d2f3294efc674f84b302d2,648e214a2eadc3b99a88ec16,648e9a7b5444c8f35ec4497a,staticAnon
2023-06-18 0:08,2023-06-18 0:09,0,35.151.6.13,100,10,1,2023-06-18 0:09,R_3MKk82H8F23KZoq,,,,,32.3736,-86.1833,anonymous,EN,3,2,5,3,2,5,4,6155d14afd03ebfe3f9c7303,648e214a2eadc3b99a88ec16,648e9f753513cc08fd3a0128,staticGoogle
2023-06-18 1:13,2023-06-18 1:25,0,68.207.110.39,100,714,1,2023-06-18 1:25,R_9nU1Jad4WBQHSEN,,,,,31.7558,-106.4696,anonymous,EN,4,4,4,5,4,4,4,60fefe75aa12dfd51d3fbe4e,648e214a2eadc3b99a88ec16,648eac4f7d103ad2ce88ebff,dynamicAnon
2023-06-18 2:25,2023-06-18 2:26,0,72.75.209.251,100,11,1,2023-06-18 2:26,R_4SeZndFp3AEEYvf,,,,,42.9554,-78.8638,anonymous,EN,1,1,1,1,1,1,1,64789683babaebca69b70f69,648e214a2eadc3b99a88ec16,648ebeee556823ccd4926802,dynamicGoogle
2023-06-18 3:07,2023-06-18 3:08,0,174.60.113.179,100,73,1,2023-06-18 3:08,R_qVj9QSoUH0kyAcp,,,,,40.0756,-76.6914,anonymous,EN,4,4,3,5,4,3,3,611155d072d73e297ef871aa,648e214a2eadc3b99a88ec16,648ec951027863c3e806ff56,staticGoogle
2023-06-18 4:05,2023-06-18 4:06,0,172.58.102.229,100,16,1,2023-06-18 4:06,R_1IdLT4CtI80jqOl,,,,,29.7925,-95.3673,anonymous,EN,1,1,1,1,1,1,1,61086cc7586535963db62409,648e214a2eadc3b99a88ec16,648ed6fee81557afd6c893e3,dynamicGoogle
2023-06-18 6:32,2023-06-18 6:33,0,67.21.186.134,100,95,1,2023-06-18 6:33,R_3JE3lTl8FfBLE1t,,,,,34.6805,-82.8231,anonymous,EN,2,4,1,3,2,4,1,61120ed47b033d967f531651,648e214a2eadc3b99a88ec16,648ef95058cbda681c6273bb,staticAnon
2023-06-18 6:45,2023-06-18 6:46,0,24.14.252.49,100,57,1,2023-06-18 6:46,R_1mRtAiwN0PF8AAN,,,,,41.4253,-87.3565,anonymous,EN,3,3,3,4,4,5,3,6107f902de5549cbdf72cbe1,648e214a2eadc3b99a88ec16,648efc7b060ce369bbb6927f,dynamicAnon
2023-06-18 7:07,2023-06-18 7:07,0,24.190.28.205,100,53,1,2023-06-18 7:07,R_0xgwYMhKvIyRwOJ,,,,,40.7856,-73.193,anonymous,EN,2,3,3,3,3,3,4,61082741787528dfa6230b5a,648e214a2eadc3b99a88ec16,648f016849dba9769d9267ca,dynamicAnon
2023-06-18 7:44,2023-06-18 7:44,0,98.149.179.219,100,24,1,2023-06-18 7:44,R_dcIYucuMyOszuO5,,,,,34.1531,-118.4296,anonymous,EN,5,4,6,4,4,3,4,58bb6cd12e4dc0000164ad22,648e214a2eadc3b99a88ec16,648f0a23c9fa382524b69208,staticGoogle
2023-06-18 8:03,2023-06-18 8:03,0,100.18.22.29,100,21,1,2023-06-18 8:03,R_3iVhakFPDBSCWJW,,,,,39.3974,-76.4495,anonymous,EN,5,5,4,4,4,2,4,6317bdaf66687ec1922ba253,648e214a2eadc3b99a88ec16,648f0eae6ad3ed4c258b5242,staticAnon
2023-06-18 9:12,2023-06-18 9:13,0,35.146.9.23,100,24,1,2023-06-18 9:13,R_21AR6fKG6kNtcoA,,,,,32.7816,-97.0828,anonymous,EN,3,3,3,3,3,3,3,6116ec8941d9702d1dd6e765,648e214a2eadc3b99a88ec16,648f1ef60a312132fa53003c,staticAnon
2023-06-18 9:16,2023-06-18 9:18,0,73.50.7.70,100,109,1,2023-06-18 9:18,R_WBhlJxiqf53BMLT,,,,,41.7797,-87.872,anonymous,EN,4,4,3,5,3,3,1,60fdd6619d528625b8d667e8,648e214a2eadc3b99a88ec16,648f1fd652a1c891833704dd,dynamicAnon
2023-06-18 9:53,2023-06-18 9:54,0,99.40.74.24,100,58,1,2023-06-18 9:54,R_3Ra7N1inOYBLahO,,,,,41.9345,-88.004,anonymous,EN,4,4,3,4,4,4,3,6101f4093ed452ae3b6d5ab9,648e214a2eadc3b99a88ec16,648f2878cfa570a2884d1340,staticGoogle
2023-06-18 10:02,2023-06-18 10:03,0,67.163.227.184,100,38,1,2023-06-18 10:03,R_3Hzsov1MnDIgsXM,,,,,40.4064,-79.9856,anonymous,EN,2,2,2,2,2,4,2,60fd06b22cd5e9b93a16a590,648e214a2eadc3b99a88ec16,648f2a8f569e853b9f06ff28,dynamicGoogle
2023-06-18 10:04,2023-06-18 10:05,0,98.193.88.252,100,41,1,2023-06-18 10:05,R_2V8T5Hya0TlIYQU,,,,,41.8482,-87.6521,anonymous,EN,2,3,3,4,3,5,1,63d00f1db18f9fd2aa1762e6,648e214a2eadc3b99a88ec16,648f2b0edd62bbe660794672,staticAnon
2023-06-18 10:12,2023-06-18 10:13,0,73.189.122.167,100,38,1,2023-06-18 10:13,R_32VX5Mnu2voLehB,,,,,37.3177,-122.0438,anonymous,EN,2,2,3,3,3,5,1,610050997aff9a6e73bccaad,648e214a2eadc3b99a88ec16,648f2ce0c75c375fa0fe5e42,dynamicGoogle
2023-06-18 10:22,2023-06-18 10:23,0,50.93.222.110,100,47,1,2023-06-18 10:23,R_3edSuXxBKIDXODL,,,,,43.0812,-89.3845,anonymous,EN,3,3,3,4,3,2,1,61022d2f69d5127750d09f40,648e214a2eadc3b99a88ec16,648f2f32f381129f194c28ac,staticGoogle
2023-06-18 10:50,2023-06-18 10:51,0,67.241.213.128,100,59,1,2023-06-18 10:51,R_1NEUe1EynIG2ABD,,,,,44.8227,-68.8001,anonymous,EN,1,1,1,1,3,6,1,63239f94b13228f09348c943,648e214a2eadc3b99a88ec16,648f35bf61626f93f3553e62,dynamicAnon
2023-06-18 11:14,2023-06-18 11:15,0,67.4.236.121,100,73,1,2023-06-18 11:15,R_1kHp52eP90aRCf7,,,,,44.9948,-93.2548,anonymous,EN,4,4,5,5,4,2,1,6400dcd8cb09e157a0ac06da,648e214a2eadc3b99a88ec16,648f3b6d5ada87114d01f256,dynamicGoogle
2023-06-18 11:23,2023-06-18 11:24,0,108.203.40.210,100,52,1,2023-06-18 11:24,R_11ilBYBM4hcgqGk,,,,,32.107,-81.2499,anonymous,EN,3,2,3,3,2,4,4,60fd99228ede8e6e8c0a2411,648e214a2eadc3b99a88ec16,648f3d9f60091acbe03a0107,staticGoogle
2023-06-18 11:28,2023-06-18 11:29,0,184.55.118.159,100,36,1,2023-06-18 11:29,R_1mlp5qyDP5VuMeW,,,,,43.0475,-87.8964,anonymous,EN,3,3,2,3,4,5,1,60ff830d7a7cce48e1787ba2,648e214a2eadc3b99a88ec16,648f3ed566b180cd355e5a78,staticAnon
2023-06-18 11:32,2023-06-18 11:33,0,68.202.238.205,100,47,1,2023-06-18 11:33,R_2ZHtgZIn7Wqcc6u,,,,,28.2454,-81.2832,anonymous,EN,5,6,5,6,4,2,4,64401360c45f52531fde4aa6,648e214a2eadc3b99a88ec16,648f3fb93ff255e216c8940e,dynamicAnon
2023-06-18 11:46,2023-06-18 11:47,0,97.98.131.28,100,45,1,2023-06-18 11:47,R_3nDimHqCdPUBTxW,,,,,32.8545,-96.5991,anonymous,EN,1,1,1,3,2,5,1,60fe3189933d051cd542b4cd,648e214a2eadc3b99a88ec16,648f42f070adb506178b5245,dynamicAnon
2023-06-18 11:49,2023-06-18 11:50,0,184.60.33.83,100,72,1,2023-06-18 11:51,R_3CCJbPbf2A7L4Cs,,,,,44.0944,-121.2863,anonymous,EN,1,2,2,4,2,3,1,63d82b0ef18b425db684c7e5,648e214a2eadc3b99a88ec16,648f43b2f8e7b6d75388ec03,staticAnon
2023-06-18 11:52,2023-06-18 11:53,0,174.232.154.2,100,73,1,2023-06-18 11:53,R_Ojn54SxIfD51ctz,,,,,37.751,-97.822,anonymous,EN,4,4,4,5,5,1,6,60e3cb01a5a92b6e1fc43ed5,648e214a2eadc3b99a88ec16,648f4440a8aae44decfa30be,staticGoogle
2023-06-18 12:06,2023-06-18 12:07,0,98.48.176.67,100,67,1,2023-06-18 12:07,R_33rJJqiIQnmPN6A,,,,,32.7147,-79.9526,anonymous,EN,4,4,3,5,3,3,1,60fdbede8669851f45dec804,648e214a2eadc3b99a88ec16,648f47b22949d5b55e537c07,dynamicGoogle
2023-06-18 12:12,2023-06-18 12:14,0,69.126.9.173,100,115,1,2023-06-18 12:14,R_3ebqmDVYFU58WQO,,,,,40.7665,-73.1216,anonymous,EN,4,4,3,4,3,3,5,61006136e1c5a315288352f9,648e214a2eadc3b99a88ec16,648f48f607fd3a7a96b5ed69,dynamicAnon
2023-06-18 12:14,2023-06-18 12:15,0,76.157.63.67,100,34,1,2023-06-18 12:15,R_1CsjFBKxA2i5gUa,,,,,42.1643,-88.3124,anonymous,EN,3,5,4,4,5,3,4,647009d9e9fbe62797bf48a8,648e214a2eadc3b99a88ec16,648f498e8bfcba9b543a011a,dynamicGoogle
2023-06-18 12:32,2023-06-18 12:33,0,24.14.157.21,100,36,1,2023-06-18 12:33,R_XG4ikBpVH8ntHt7,,,,,42.0364,-88.324,anonymous,EN,6,6,1,6,1,4,1,60fcef0f3b8a33846513bfa3,648e214a2eadc3b99a88ec16,648f4dc1af10b505c0c4495e,staticGoogle
2023-06-18 13:07,2023-06-18 13:07,0,73.104.75.175,100,42,1,2023-06-18 13:07,R_2aDLPtvtXeGy1LV,,,,,29.7959,-81.2631,anonymous,EN,2,2,2,2,2,2,2,63becfe5105f9498a29733e7,648e214a2eadc3b99a88ec16,648f55dbd7158b3aa6c893e6,staticAnon
2023-06-18 13:07,2023-06-18 13:08,0,128.197.29.250,100,46,1,2023-06-18 13:08,R_6rHrwshFHriknbr,,,,,42.3464,-71.0975,anonymous,EN,2,2,2,5,4,4,1,628779163ece97b0489fd4d6,648e214a2eadc3b99a88ec16,648f55e72f34e6b789ee9cd1,dynamicAnon
2023-06-18 13:07,2023-06-18 13:10,0,69.201.160.196,100,140,1,2023-06-18 13:10,R_3lQ9YWhNXV29b3b,,,,,40.7157,-74,anonymous,EN,4,4,4,4,3,2,3,60ff1a1450c5e5c8fe6922d1,648e214a2eadc3b99a88ec16,648f55d7e14ab2752e4c28b8,dynamicGoogle
2023-06-18 13:17,2023-06-18 13:17,0,99.90.214.7,100,22,1,2023-06-18 13:17,R_2U5Go02Mf2Pjmv7,,,,,34.0251,-118.1556,anonymous,EN,5,5,4,4,4,3,3,60d166647789bb2e5a105ab5,648e214a2eadc3b99a88ec16,648f5847e25f79851fc5c7c3,staticGoogle
2023-06-18 13:23,2023-06-18 13:24,0,74.70.11.75,100,50,1,2023-06-18 13:24,R_1IhD059Tol09wnm,,,,,43.0232,-77.7698,anonymous,EN,4,3,4,4,5,3,1,6100440d4858eff0c19904eb,648e214a2eadc3b99a88ec16,648f5999ab188fea493a015a,staticAnon
2023-06-18 13:38,2023-06-18 13:39,0,73.128.252.171,100,92,1,2023-06-18 13:39,R_ZIbaf9kEHiNyuLD,,,,,39.2957,-76.6289,anonymous,EN,3,4,2,4,2,5,3,6150f21426c34de04e4d11b5,648e214a2eadc3b99a88ec16,648f5d231a36ea3ba1c5c7b4,dynamicAnon
2023-06-18 13:51,2023-06-18 13:52,0,99.7.177.216,100,68,1,2023-06-18 13:52,R_3PZCzPKPy6byImd,,,,,32.4278,-84.954,anonymous,EN,4,4,5,4,4,2,4,60ff83da6b1bee23abb427a4,648e214a2eadc3b99a88ec16,648f6039afccfa0cf999f73f,staticGoogle
2023-06-18 14:03,2023-06-18 14:04,0,100.1.233.209,100,51,1,2023-06-18 14:04,R_vqXvCIdSl7MAKTT,,,,,40.6496,-74.3505,anonymous,EN,4,4,2,4,3,2,1,60fddeb6dfaa94f6424e0916,648e214a2eadc3b99a88ec16,648f6317d4310421e03704b3,staticAnon
2023-06-18 14:06,2023-06-18 14:06,0,216.106.158.155,100,36,1,2023-06-18 14:06,R_2c8gUkI5h0JyUiZ,,,,,35.2878,-93.1296,anonymous,EN,4,4,4,5,5,2,3,64143c6c286640f3d1348cf8,648e214a2eadc3b99a88ec16,648f63b1f349935e76c9e7ab,dynamicGoogle
